date,pm25t,precip,temp,API,0.1
1/1/16,7,0,1.95,,
1/2/16,9,0,0.85,,
1/3/16,9,0,0.55,,
1/4/16,4,0.02,0.8,,
1/5/16,11,0.01,-5.6,0.0012,
1/6/16,17,0,-6.4,0.00012,
1/7/16,19,0,-1.35,0.000012,
1/8/16,17,0,1.35,0.150001,
1/9/16,8,0.15,-0.3,0.485,
1/10/16,1,0.47,8.05,0.2485,
1/11/16,7,0.2,0,0.13485,
1/12/16,8,0.11,-6.35,0.563485,
1/13/16,13,0.55,-6.1,0.056347,
1/14/16,13,0,-7.75,0.00563,
1/15/16,12,0,-0.85,0.180561,
1/16/16,8,0.18,5.3,0.038055,
1/17/16,7,0.02,2.5,0.0038,
1/18/16,8,0,-5.25,0.00038,
1/19/16,11,0,-10.55,0.000038,
1/20/16,18,0,-11.4,1.530002,
1/21/16,22,1.53,-8.9,0.153,
1/22/16,12,0,-6.65,4.2953,
1/23/16,3,4.28,-7.5,0.42953,
1/24/16,17,,,0.042953,
1/25/16,16,0,-7.8,0.00428,
1/26/16,11,0,-3.05,0.000428,
1/27/16,8,,,0,
1/28/16,12,0,-1.4,0.05,
1/29/16,6,0.05,0.25,0.015,
1/30/16,14,0.01,-1.65,0.0015,
1/31/16,10,0,4.2,0.04015,
2/1/16,11,0.04,7.25,0.004015,
2/2/16,7,0,4.45,0.070401,
2/3/16,6,0.07,4.75,0.14704,
2/4/16,7,0.14,10.3,0.014704,
2/5/16,9,0,1.7,0.00147,
2/6/16,13,0,0.55,0.000147,
2/7/16,23,0,2.5,0.000014,
2/8/16,11,0,2.5,0.04,
2/9/16,10,0.04,1.9,0.064,
2/10/16,8,0.06,0,0.0064,
2/11/16,6,0,-4.7,0.00064,
2/12/16,17,0,-7.75,1.580064,
2/13/16,4,1.58,-7.75,0.158006,
2/14/16,12,0,-12.25,0.1258,
2/15/16,10,0.11,-9.75,1.12258,
2/16/16,11,1.11,-0.55,0.552258,
2/17/16,16,0.44,1.65,0.05521,
2/18/16,7,0,-2.5,0.005521,
2/19/16,7,0,-2.5,0.000551,
2/20/16,6,0,6.4,0.000044,
2/21/16,10,0,7.2,0,
2/22/16,6,0,6.95,0,
2/23/16,7,0,6.65,0.17,
2/24/16,3,0.17,7.75,0.697,
2/25/16,3,0.68,10.3,0.1597,
2/26/16,5,0.09,1.1,0.01597,
2/27/16,7,0,-1.4,0.001597,
2/28/16,9,0,1.9,0.020158,
2/29/16,7,0.02,9.45,0.002009,
3/1/16,8,0,6.1,0.2202,
3/2/16,4,0.22,8.3,0.02202,
3/3/16,8,0,-1.95,0.142202,
3/4/16,15,0.14,-0.55,0.01422,
3/5/16,15,0,0.85,0.001422,
3/6/16,18,0,3.05,0.00014,
3/7/16,14,0,2.25,0.000014,
3/8/16,19,0,8.05,0,
3/9/16,20,0,14.75,0,
3/10/16,19,0,15.55,0.61,
3/11/16,5,0.61,12.8,0.061,
3/12/16,10,0,8.05,0.0061,
3/13/16,11,0,11.65,0.27061,
3/14/16,4,0.27,15.3,0.177061,
3/15/16,8,0.15,15.3,0.0277,
3/16/16,6,0.01,12.5,0.00277,
3/17/16,3,0,14.45,0.000277,
3/18/16,7,0,10,0.000025,
3/19/16,6,0,8.9,0.010001,
3/20/16,8,0.01,4.45,0.091,
3/21/16,6,0.09,2.25,0.0091,
3/22/16,15,0,1.4,0.00091,
3/23/16,14,0,6.7,0.000091,
3/24/16,14,0,14.15,0.150009,
3/25/16,7,0.15,16.1,0.015,
3/26/16,9,0,6.95,0.0015,
3/27/16,13,0,9.2,0.06015,
3/28/16,6,0.06,14.7,0.006015,
3/29/16,5,0,10,0.0006,
3/30/16,8,0,5.6,0.00006,
3/31/16,11,0,10,0.050006,
4/1/16,5,0.05,18.05,0.055,
4/2/16,3,0.05,13.05,0.2255,
4/3/16,4,0.22,8.05,0.02255,
4/4/16,7,0,6.1,0.272255,
4/5/16,8,0.27,6.4,0.027225,
4/6/16,7,0,2.25,0.002722,
4/7/16,5,0,8.35,0.05027,
4/8/16,5,0.05,5.3,0.135027,
4/9/16,5,0.13,4.75,0.0535,
4/10/16,8,0.04,-0.85,0.02535,
4/11/16,10,0.02,3.6,0.572535,
4/12/16,5,0.57,11.95,0.057253,
4/13/16,6,0,5.3,0.005724,
4/14/16,8,0,7.25,0.000572,
4/15/16,9,0,11.1,0.000057,
4/16/16,9,0,13.35,0,
4/17/16,17,0,14.7,0,
4/18/16,11,0,17.5,0,
4/19/16,15,0,18.65,0,
4/20/16,4,0,15.25,0,
4/21/16,15,0,15.25,0.03,
4/22/16,18,0.03,17.5,0.623,
4/23/16,8,0.62,17.2,0.0623,
4/24/16,7,0,10.85,0.00623,
4/25/16,12,0,13.9,0.020623,
4/26/16,10,0.02,15.55,0.142062,
4/27/16,11,0.14,17.5,0.0142,
4/28/16,10,0,16.7,0.47142,
4/29/16,12,0.47,11.4,0.047142,
4/30/16,9,0,17.2,0.144714,
5/1/16,11,0.14,16.95,0.91447,
5/2/16,8,0.9,18.05,0.091447,
5/3/16,6,0,14.15,0.00914,
5/4/16,10,0,14.15,0.100914,
5/5/16,9,0.1,14.45,0.13009,
5/6/16,5,0.12,12.8,0.073,
5/7/16,14,0.06,14.45,0.0473,
5/8/16,8,0.04,16.4,0.00473,
5/9/16,17,0,13.85,0.020472,
5/10/16,17,0.02,13.3,0.382046,
5/11/16,15,0.38,15.8,0.038204,
5/12/16,11,0,14.45,0.19382,
5/13/16,7,0.19,19.2,0.029382,
5/14/16,8,0.01,15.3,0.402938,
5/15/16,3,0.4,8.85,0.04029,
5/16/16,4,0,6.95,0.004029,
5/17/16,15,0,10.3,0.150401,
5/18/16,10,0.15,13.3,0.09504,
5/19/16,8,0.08,10.6,0.0095,
5/20/16,9,0,13.05,0.48095,
5/21/16,7,0.48,17.2,0.458095,
5/22/16,6,0.41,14.15,0.165808,
5/23/16,12,0.12,15,0.08658,
5/24/16,20,0.07,17.2,0.008658,
5/25/16,26,0,19.45,0.000861,
5/26/16,24,0,21.7,0.000082,
5/27/16,16,0,24.15,0.000007,
5/28/16,17,0,25.55,0,
5/29/16,13,0,22.5,0.65,
5/30/16,13,0.65,22.5,0.065,
5/31/16,14,0,24.15,0.0065,
6/1/16,11,0,24.45,0.11065,
6/2/16,13,0.11,24.75,0.281065,
6/3/16,14,0.27,24.7,0.7081,
6/4/16,16,0.68,24.15,0.08081,
6/5/16,7,0.01,24.45,0.198081,
6/6/16,7,0.19,21.35,0.649807,
6/7/16,7,0.63,21.1,0.074978,
6/8/16,5,0.01,19.15,0.037491,
6/9/16,9,0.03,13.35,0.003749,
6/10/16,14,0,16.4,0.000373,
6/11/16,14,0,18.9,0.000031,
6/12/16,5,0,25.85,0.000003,
6/13/16,5,0,18.1,0,
6/14/16,10,0,18.35,0,
6/15/16,13,0,20.85,0.72,
6/16/16,9,0.72,22.5,1.472,
6/17/16,10,1.4,21.35,0.1472,
6/18/16,15,0,23.05,0.01472,
6/19/16,16,0,23.3,0.001472,
6/20/16,20,0,23.6,0.00014,
6/21/16,10,0,24.45,0,
6/22/16,10,0,24.15,0.46,
6/23/16,8,0.46,23.85,0.106,
6/24/16,13,0.06,21.7,0.0706,
6/25/16,14,0.06,23.6,0.00706,
6/26/16,11,0,24.15,0.000706,
6/27/16,13,0,26.35,0.010066,
6/28/16,12,0.01,25.85,0.001006,
6/29/16,6,0,23.1,0.0001,
6/30/16,19,0,18.85,0.00001,
7/1/16,19,0,20.25,0.080001,
7/2/16,5,0.08,21.4,0.008,
7/3/16,14,0,19.7,0.0008,
7/4/16,13,0,20.55,0.25008,
7/5/16,8,0.25,21.15,0.055008,
7/6/16,12,0.03,24.45,0.3055,
7/7/16,10,0.3,24.7,0.10055,
7/8/16,10,0.07,26.1,0.010055,
7/9/16,7,0,25.85,0.001003,
7/10/16,5,0,22.8,0.0001,
7/11/16,10,0,21.95,0.000007,
7/12/16,13,0,23.6,0,
7/13/16,15,0,25.85,0.08,
7/14/16,8,0.08,26.95,0.358,
7/15/16,10,0.35,27.2,0.0358,
7/16/16,10,0,26.15,0.00358,
7/17/16,9,0,24.7,0.000358,
7/18/16,10,0,25.55,0.030035,
7/19/16,10,0.03,26.4,0.003,
7/20/16,10,0,23.9,0.0003,
7/21/16,23,0,22.2,0.00003,
7/22/16,14,0,23.6,0.280003,
7/23/16,12,0.28,27.2,0.028,
7/24/16,13,,,0.1328,
7/25/16,15,0.13,27.25,1.18328,
7/26/16,11,1.17,27.25,0.118328,
7/27/16,10,,,0.01183,
7/28/16,13,0,26.95,0.301183,
7/29/16,12,0.3,23.9,0.030117,
7/30/16,12,0,25.55,1.193,
7/31/16,13,1.19,23.6,0.1193,
8/1/16,12,0,25.25,0.43193,
8/2/16,10,0.42,26.15,0.04319,
8/3/16,10,0,26.1,0.004319,
8/4/16,10,0,25.25,0.00042,
8/5/16,7,0,25.55,0.110042,
8/6/16,7,0.11,26.1,0.011,
8/7/16,8,0,22.75,0.0011,
8/8/16,7,0,22.75,0.00011,
8/9/16,9,0,23.35,0.000011,
8/10/16,8,0,25.55,0.03,
8/11/16,9,0.03,27.2,0.003,
8/12/16,10,0,28.6,0.2603,
8/13/16,10,0.26,28.05,0.32603,
8/14/16,6,0.3,27.75,0.432603,
8/15/16,9,0.4,24.7,0.42326,
8/16/16,5,0.38,25.55,0.962326,
8/17/16,5,0.92,27.5,0.31623,
8/18/16,8,0.22,23.9,0.03162,
8/19/16,14,0,24.15,0.003158,
8/20/16,16,0,24.4,0.120312,
8/21/16,6,0.12,25.55,0.062022,
8/22/16,5,0.05,22.5,0.0062,
8/23/16,8,,,0.00062,
8/24/16,8,0,21.4,0.050062,
8/25/16,12,0.05,24.45,0.665005,
8/26/16,10,0.66,23.6,0.0665,
8/27/16,12,0,25,0.00665,
8/28/16,12,0,25.55,1.290665,
8/29/16,6,1.29,26.65,0.129066,
8/30/16,7,0,23.9,0.0129,
8/31/16,16,0,23.6,0.03129,
9/1/16,6,0.03,21.95,0.003129,
9/2/16,5,0,20,0.0003,
9/3/16,5,0,18.85,0.00003,
9/4/16,9,0,19.7,0.000003,
9/5/16,11,0,19.7,0,
9/6/16,21,0,19.7,0,
9/7/16,14,0,23.35,0.01,
9/8/16,12,0.01,26.4,0.221,
9/9/16,8,0.22,27.5,0.0321,
9/10/16,10,0.01,25,0.07321,
9/11/16,4,0.07,27.25,0.007321,
9/12/16,5,0,19.7,0.000732,
9/13/16,9,0,20.55,0.000071,
9/14/16,20,0,21.95,0.040007,
9/15/16,5,0.04,21.4,0.004,
9/16/16,9,0,19.7,0.0004,
9/17/16,13,0,20.85,0.12004,
9/18/16,10,0.12,20.3,0.342004,
9/19/16,12,0.33,21.95,0.0342,
9/20/16,11,,,0.00342,
9/21/16,11,0,22.25,0.000342,
9/22/16,11,0,22.25,0.000033,
9/23/16,18,0,22.75,0,
9/24/16,9,0,23.9,0,
9/25/16,5,0,19.75,0,
9/26/16,8,0,18.35,0.4,
9/27/16,5,0.4,20,0.04,
9/28/16,8,0,16.1,0.534,
9/29/16,1,0.53,15.55,0.7234,
9/30/16,3,0.67,17.5,0.56234,
10/1/16,6,0.49,16.65,0.56623,
10/2/16,10,0.51,18.85,0.216623,
10/3/16,10,0.16,17.2,0.021657,
10/4/16,8,0,15.55,0.002159,
10/5/16,5,0,17.25,0.000211,
10/6/16,6,0,15.3,0.000016,
10/7/16,4,0,16.4,0.65,
10/8/16,5,0.65,17.75,0.065,
10/9/16,3,0,12.75,0.0065,
10/10/16,5,0,11.4,0.00065,
10/11/16,7,0,10.6,0.000065,
10/12/16,13,0,13.35,0,
10/13/16,8,0,15,0.08,
10/14/16,8,0.08,10.85,0.008,
10/15/16,12,0,11.1,0.0008,
10/16/16,14,0,14.45,0.01008,
10/17/16,12,0.01,19.15,0.371008,
10/18/16,11,0.37,20.55,0.0371,
10/19/16,11,,,0.00371,
10/20/16,10,0,20.8,1.340371,
10/21/16,2,1.34,19.7,1.454037,
10/22/16,3,1.32,10.25,0.2354,
10/23/16,7,0.09,7.5,0.02354,
10/24/16,6,0,12.2,0.002354,
10/25/16,5,0,10.85,0.000222,
10/26/16,8,0,6.95,0.020009,
10/27/16,10,0.02,6.95,0.062,
10/28/16,6,0.06,11.7,0.0062,
10/29/16,14,0,12.75,0.00062,
10/30/16,9,0,15,0.190062,
10/31/16,6,0.19,15,0.019006,
11/1/16,14,0,13.65,0.0019,
11/2/16,20,0,14.75,0.00019,
11/3/16,9,0,20.6,0.170019,
11/4/16,7,0.17,14.45,0.017,
11/5/16,18,0,8.6,0.0017,
11/6/16,17,0,10.3,0.00017,
11/7/16,7,0,10.55,0.000017,
11/8/16,21,0,11.65,0.13,
11/9/16,9,0.13,11.4,0.033,
11/10/16,7,0.02,8.05,0.0033,
11/11/16,6,0,9.7,0.00033,
11/12/16,10,0,6.95,0.000033,
11/13/16,21,0,3.6,0.000002,
11/14/16,21,0,5,0,
11/15/16,22,,,0,
11/16/16,25,,,0,
11/17/16,22,,,0,
11/18/16,18,0,8.85,0,
11/19/16,10,0,11.95,0.09,
11/20/16,2,0.09,7.5,0.019,
11/21/16,5,0.01,0.3,0.0019,
11/22/16,10,0,0.55,0.00019,
11/23/16,16,0,0.3,0.040019,
11/24/16,18,0.04,3.05,0.004001,
11/25/16,7,0,8.05,0.0304,
11/26/16,8,0.03,5.55,0.00304,
11/27/16,10,0,3.65,0.000304,
11/28/16,12,0,2.2,0.13003,
11/29/16,10,0.13,5.55,0.013003,
11/30/16,6,0,12.5,0.0013,
12/1/16,5,,,0.00013,
12/2/16,5,0,4.75,0.000013,
12/3/16,7,0,4.45,0,
12/4/16,9,0,3.85,0.12,
12/5/16,9,0.12,5.25,0.012,
12/6/16,5,0,4.15,0.3712,
12/7/16,11,0.37,5,0.03712,
12/8/16,7,0,4.15,0.003712,
12/9/16,10,,,0.00037,
12/10/16,11,,,0.000037,
12/11/16,10,,,0,
12/12/16,11,,,0,
12/13/16,19,,,0,
12/14/16,11,,,0,
12/15/16,11,,,0,
12/16/16,9,0,-10.8,0.5,
12/17/16,13,0.5,-5.3,1.58,
12/18/16,5,1.53,6.65,0.428,
12/19/16,10,0.27,-0.3,0.0428,
12/20/16,17,0,-4.7,0.00428,
12/21/16,15,0,-3.6,0.000423,
12/22/16,15,0,1.65,0.000027,
12/23/16,14,0,2.8,0.01,
12/24/16,10,0.01,3.9,0.011,
12/25/16,11,0.01,6.4,0.0011,
12/26/16,10,0,5.3,0.12011,
12/27/16,4,0.12,11.95,0.012011,
12/28/16,6,0,5.85,0.091201,
12/29/16,7,0.09,3.6,0.52912,
12/30/16,4,0.52,3.6,0.052912,
12/31/16,7,0,0,0.06529,
1/1/17,11,0.06,3.3,0.056529,
1/2/17,5,0.05,5.55,0.055652,
1/3/17,3,0.05,7.5,0.60556,
1/4/17,4,0.6,7.8,0.090556,
1/5/17,6,0.03,2.5,0.109055,
1/6/17,15,0.1,-9.7,0.010905,
1/7/17,17,0,-9.2,0.00109,
1/8/17,10,0,-10,0.000103,
1/9/17,12,0,-10.85,0.00001,
1/10/17,7,0,-8.05,0.07,
1/11/17,7,0.07,3.9,0.007,
1/12/17,7,,,0.5407,
1/13/17,7,0.54,10.55,0.05407,
1/14/17,10,0,2.25,0.005407,
1/15/17,16,0,1.95,0.00054,
1/16/17,20,0,0.25,0.050054,
1/17/17,12,0.05,1.1,0.045,
1/18/17,5,0.04,10,0.0345,
1/19/17,8,0.03,6.65,0.00345,
1/20/17,10,0,4.2,0.150345,
1/21/17,11,0.15,7.5,0.015034,
1/22/17,9,0,11.95,0.021503,
1/23/17,3,0.02,12.25,1.00215,
1/24/17,7,1,6.65,0.180215,
1/25/17,7,0.08,3.9,0.43802,
1/26/17,4,0.42,8.05,0.073802,
1/27/17,5,0.03,3.35,0.25738,
1/28/17,9,0.25,0.8,0.025728,
1/29/17,7,,,1.072572,
1/30/17,8,1.07,0.25,1.167253,
1/31/17,7,1.06,-2.5,0.176725,
2/1/17,8,0.06,2.2,0.01767,
2/2/17,8,0,3.3,0.001767,
2/3/17,12,0,0,0.000166,
2/4/17,7,0,-5,0.000006,
2/5/17,14,0,-3.05,0,
2/6/17,16,0,2.8,0.14,
2/7/17,10,0.14,5.55,0.404,
2/8/17,7,0.39,12.75,0.0404,
2/9/17,5,,,0.02404,
2/10/17,11,0.02,-6.1,0.002404,
2/11/17,11,0,-2.75,0.070239,
2/12/17,10,0.07,6.95,0.19702,
2/13/17,6,0.19,5.8,0.019702,
2/14/17,12,0,0.85,0.00197,
2/15/17,6,0,2.8,0.570197,
2/16/17,8,0.57,0.55,0.057019,
2/17/17,18,0,-3.6,0.0057,
2/18/17,17,0,1.7,0.00057,
2/19/17,17,0,8.35,0.000057,
2/20/17,23,0,8.6,0,
2/21/17,11,0,7.75,0,
2/22/17,21,0,13.6,0,
2/23/17,13,0,14.7,0,
2/24/17,11,0,15.85,0.05,
2/25/17,4,0.05,17.5,0.005,
2/26/17,7,0,7.2,0.0005,
2/27/17,12,0,2.2,0.20005,
2/28/17,9,0.2,4.2,0.080005,
3/1/17,6,0.06,9.4,1.058,
3/2/17,5,1.05,8.6,0.1058,
3/3/17,7,0,0,0.01058,
3/4/17,7,0,-2.25,0.001056,
3/5/17,6,0,-3.05,0.000105,
3/6/17,15,0,0.8,0.41,
3/7/17,11,0.41,7.8,0.311,
3/8/17,2,0.27,10,0.0311,
3/9/17,5,0,8.6,0.62311,
3/10/17,4,0.62,8.05,0.372311,
3/11/17,5,0.31,-2.5,0.037227,
3/12/17,8,0,-4.2,0.00372,
3/13/17,8,0,-2.2,0.000372,
3/14/17,7,0,0.25,0.140031,
3/15/17,5,0.14,-4.15,0.014,
3/16/17,10,0,-4.7,0.0014,
3/17/17,29,0,-1.65,0.15014,
3/18/17,14,0.15,1.1,0.095014,
3/19/17,13,0.08,3.35,0.0095,
3/20/17,14,0,3.6,0.00095,
3/21/17,11,0,5.85,0.000095,
3/22/17,4,0,6.65,0.000008,
3/23/17,7,0,-1.15,0.02,
3/24/17,15,0.02,2.2,0.002,
3/25/17,17,0,12.8,0.0002,
3/26/17,15,0,16.7,0.40002,
3/27/17,8,0.4,13.6,0.040002,
3/28/17,12,,,0.124,
3/29/17,5,0.12,11.95,0.0124,
3/30/17,6,0,12.25,0.15124,
3/31/17,7,0.15,10.55,1.11512,
4/1/17,4,1.1,7.5,0.131512,
4/2/17,7,0.02,3.3,0.01315,
4/3/17,7,0,9.15,0.041315,
4/4/17,4,0.04,14.45,0.06413,
4/5/17,4,0.06,12.25,0.096402,
4/6/17,3,0.09,12.25,0.61964,
4/7/17,3,0.61,7.25,0.141964,
4/8/17,7,0.08,2.2,0.014196,
4/9/17,12,0,6.9,0.001419,
4/10/17,14,0,11.15,0.000141,
4/11/17,10,0,13.1,0.230008,
4/12/17,7,0.23,16.1,0.023,
4/13/17,6,0,11.1,0.0023,
4/14/17,9,0,11.7,0.00023,
4/15/17,17,0,16.35,0.070023,
4/16/17,8,0.07,18.05,0.707,
4/17/17,5,0.7,20.25,0.0707,
4/18/17,5,0,15.85,0.00707,
4/19/17,7,0,17.2,0.560707,
4/20/17,9,0.56,19.45,0.66607,
4/21/17,8,0.61,19.45,0.0966,
4/22/17,4,0.03,15.55,0.00966,
4/23/17,2,0,10,0.000966,
4/24/17,4,0,11.95,0.010091,
4/25/17,4,0.01,11.35,0.001003,
4/26/17,6,0,0,0.0001,
4/27/17,9,0,18.6,0.24001,
4/28/17,8,0.24,17.75,0.224001,
4/29/17,7,0.2,16.65,0.2224,
4/30/17,13,0.2,20.25,0.02224,
5/1/17,8,0,20.8,0.002224,
5/2/17,3,,,0.00022,
5/3/17,5,,,0.00002,
5/4/17,6,,,0,
5/5/17,3,,,0.45,
5/6/17,3,0.45,14.45,0.245,
5/7/17,4,0.2,8.05,0.0245,
5/8/17,4,0,9.15,0.00245,
5/9/17,10,0,8.6,0.000245,
5/10/17,11,0,9.45,0.00002,
5/11/17,9,0,14.15,0.5,
5/12/17,4,0.5,13.05,0.05,
5/13/17,6,0,12.5,0.005,
5/14/17,10,0,13.9,0.0005,
5/15/17,4,,,0.00005,
5/16/17,14,0,13.6,0,
5/17/17,18,0,19.7,0,
5/18/17,19,0,23.6,0,
5/19/17,11,0,23.35,0,
5/20/17,9,0,22.75,0,
5/21/17,7,0,19.45,0.98,
5/22/17,7,0.98,17.8,0.108,
5/23/17,7,0.01,16.1,0.0108,
5/24/17,6,0,17.2,0.50108,
5/25/17,3,0.5,16.65,0.240108,
5/26/17,6,0.19,16.95,0.024001,
5/27/17,11,,,0.0024,
5/28/17,14,,,0.59024,
5/29/17,7,0.59,19.2,0.059019,
5/30/17,11,0,21.1,0.5059,
5/31/17,10,0.5,19.45,0.22059,
6/1/17,9,0.17,18.9,0.022059,
6/2/17,12,0,18.35,0.0022,
6/3/17,13,0,19.4,0.00022,
6/4/17,19,0,20.6,0.080017,
6/5/17,12,0.08,21.15,0.398,
6/6/17,5,0.39,19.45,0.0398,
6/7/17,4,0,15.55,0.00398,
6/8/17,6,0,13.9,0.000398,
6/9/17,13,0,17.2,0.020039,
6/10/17,14,0.02,18.35,0.002,
6/11/17,16,0,24.75,0.0002,
6/12/17,19,0,24.75,0.00002,
6/13/17,18,0,25.55,2.330002,
6/14/17,15,2.33,26.15,0.423,
6/15/17,12,0.19,24.2,1.7523,
6/16/17,10,1.71,24.7,1.12523,
6/17/17,9,0.95,21.4,0.112523,
6/18/17,8,0,23.35,0.751229,
6/19/17,6,0.74,23.9,0.655121,
6/20/17,6,0.58,21.1,0.065495,
6/21/17,13,0,20.55,0.00654,
6/22/17,16,0,20.3,0.290654,
6/23/17,4,0.29,23.6,1.469058,
6/24/17,7,1.44,21.4,1.5569,
6/25/17,7,1.41,23.05,0.15569,
6/26/17,5,0,18.9,0.015569,
6/27/17,4,0,18.6,0.001554,
6/28/17,22,0,16.95,0.000141,
6/29/17,14,0,18.3,0.7,
6/30/17,10,0.7,23.05,0.07,
7/1/17,9,0,26.95,0.487,
7/2/17,9,0.48,24.15,0.0487,
7/3/17,14,0,24.75,0.25487,
7/4/17,13,0.25,24.75,0.02548,
7/5/17,13,0,25.85,0.002548,
7/6/17,11,0,25.25,0.39025,
7/7/17,7,0.39,26.7,0.119025,
7/8/17,8,0.08,24.15,0.3919,
7/9/17,14,0.38,20.85,0.03919,
7/10/17,15,0,21.7,0.403919,
7/11/17,10,0.4,20.85,0.170388,
7/12/17,15,0.13,24.75,0.017038,
7/13/17,11,0,26.95,0.5017,
7/14/17,13,0.5,24.45,0.05017,
7/15/17,8,0,25.85,0.005013,
7/16/17,14,0,23.9,0.0005,
7/17/17,18,0,23.9,0.00005,
7/18/17,16,0,24.4,0,
7/19/17,23,0,25.85,0,
7/20/17,21,0,26.95,0.03,
7/21/17,15,0.03,27.2,0.003,
7/22/17,12,0,26.95,0.3603,
7/23/17,9,0.36,25,0.17603,
7/24/17,8,0.14,24.2,0.017603,
7/25/17,6,0,23.05,0.00176,
7/26/17,10,0,20.25,0.000176,
7/27/17,17,0,21.35,0.020014,
7/28/17,13,0.02,24.45,2.602,
7/29/17,4,2.6,20.55,0.4002,
7/30/17,12,0.14,20.85,0.04002,
7/31/17,11,0,21.95,0.004002,
8/1/17,22,0,24.15,0.0004,
8/2/17,23,0,24.15,0.230014,
8/3/17,14,0.23,25.25,0.023,
8/4/17,11,0,25.55,0.2523,
8/5/17,7,0.25,23.35,0.02523,
8/6/17,11,0,19.15,0.002523,
8/7/17,9,0,18.9,0.55025,
8/8/17,8,0.55,19.75,0.055025,
8/9/17,15,0,19.45,0.0055,
8/10/17,10,0,21.95,0.02055,
8/11/17,16,0.02,21.7,0.102055,
8/12/17,18,0.1,23.6,0.0102,
8/13/17,11,0,21.65,0.00102,
8/14/17,12,0,21.4,0.000102,
8/15/17,16,0,22.5,0.00001,
8/16/17,12,0,24.7,0,
8/17/17,12,0,25,0.38,
8/18/17,6,0.38,25.55,1.018,
8/19/17,12,0.98,25,0.3718,
8/20/17,17,0.27,23.6,0.03718,
8/21/17,17,0,24.45,0.073718,
8/22/17,15,0.07,25,1.157368,
8/23/17,8,1.15,25.55,0.115727,
8/24/17,11,0,20.6,0.23157,
8/25/17,10,0.22,19.4,0.023157,
8/26/17,10,0,17.5,0.002315,
8/27/17,12,0,18.6,0.00022,
8/28/17,10,0,21.65,0.000022,
8/29/17,7,0,21.65,0,
8/30/17,10,0,20,0,
8/31/17,14,0,20.55,0,
9/1/17,7,0,17.75,0.01,
9/2/17,5,0.01,15.55,0.211,
9/3/17,9,0.21,17.75,0.0211,
9/4/17,16,,,0.24211,
9/5/17,23,0.24,20.85,0.274211,
9/6/17,15,0.25,19.7,0.027421,
9/7/17,7,0,16.4,0.10274,
9/8/17,6,0.1,15.55,0.010274,
9/9/17,6,0,15.3,0.001025,
9/10/17,5,0,15,0.0001,
9/11/17,5,0,16.65,0.00001,
9/12/17,7,0,16.65,0,
9/13/17,7,0,18.6,0.2,
9/14/17,7,0.2,21.15,0.04,
9/15/17,13,0.02,18.35,0.004,
9/16/17,15,0,21.4,0.0004,
9/17/17,13,0,21.65,0.00004,
9/18/17,16,0,23.6,0.000002,
9/19/17,11,0,24.75,0,
9/20/17,17,,,0,
9/21/17,23,,,0,
9/22/17,11,0,24.45,0,
9/23/17,10,0,24.45,0,
9/24/17,13,0,24.7,0,
9/25/17,16,0,25.8,0,
9/26/17,18,0,27.5,0,
9/27/17,23,0,24.4,0,
9/28/17,3,0,25,0,
9/29/17,9,0,16.7,0,
9/30/17,4,0,15.25,0,
10/1/17,6,0,11.4,0,
10/2/17,7,0,13.6,0,
10/3/17,8,0,13.9,0,
10/4/17,13,0,20,0,
10/5/17,12,0,20.3,0.93,
10/6/17,15,0.93,18.85,0.093,
10/7/17,10,0,20.3,0.3793,
10/8/17,6,0.37,23.9,0.36793,
10/9/17,4,0.33,20.55,0.216793,
10/10/17,11,0.18,23.1,0.02167,
10/11/17,9,0,23.05,0.212167,
10/12/17,5,0.21,22.5,0.021213,
10/13/17,5,,,0.002118,
10/14/17,10,0,20,0.00021,
10/15/17,12,0,21.65,0.390021,
10/16/17,3,0.39,17.8,0.039,
10/17/17,12,0,9.2,0.0039,
10/18/17,14,0,11.1,0.00039,
10/19/17,15,0,14.45,0.000039,
10/20/17,13,0,12.2,0,
10/21/17,14,0,16.4,0,
10/22/17,13,0,16.95,0,
10/23/17,6,0,19.75,0.97,
10/24/17,4,0.97,16.65,0.097,
10/25/17,5,0,11.15,0.0097,
10/26/17,12,0,6.65,0.00097,
10/27/17,8,0,6.7,0.000097,
10/28/17,7,0,11.95,0.95,
10/29/17,6,0.95,8.3,0.415,
10/30/17,7,0.32,6.35,0.0415,
10/31/17,6,0,6.35,0.00415,
11/1/17,10,0,5,0.000415,
11/2/17,14,0,6.4,0.020032,
11/3/17,10,0.02,15,0.002,
11/4/17,8,0,9.45,0.2602,
11/5/17,10,0.26,9.75,1.62602,
11/6/17,4,1.6,14.2,0.312602,
11/7/17,6,0.15,9.45,0.23126,
11/8/17,5,0.2,3.6,0.023126,
11/9/17,11,0,6.15,0.00231,
11/10/17,3,0,5.85,0.000215,
11/11/17,8,0,-3.65,0.00002,
11/12/17,15,0,-0.85,0.24,
11/13/17,16,0.24,4.15,0.024,
11/14/17,14,0,3.05,0.0024,
11/15/17,13,0,3.05,0.00024,
11/16/17,6,,,0.000024,
11/17/17,8,0,6.1,0.17,
11/18/17,10,0.17,3.9,0.017,
11/19/17,3,,,0.0817,
11/20/17,10,0.08,2.25,0.00817,
11/21/17,12,0,3.05,0.070817,
11/22/17,5,0.07,6.1,0.00708,
11/23/17,13,0,-0.3,0.000708,
11/24/17,20,0,3.6,0.00007,
11/25/17,13,0,4.75,0.000007,
11/26/17,5,0,8.3,0,
11/27/17,14,0,6.1,0,
11/28/17,12,0,6.15,0,
11/29/17,8,,,0,
11/30/17,12,0,7.75,0.12,
12/1/17,22,0.12,9.15,0.012,
12/2/17,27,0,4.7,0.0012,
12/3/17,44,0,3.85,0.00012,
12/4/17,17,0,5,0.070012,
12/5/17,9,0.07,6.1,0.007,
12/6/17,4,,4.4,0.0007,
12/7/17,7,0,3.05,0.00007,
12/8/17,9,0,-1.1,0.000007,
12/9/17,10,0,-2.5,0,
12/10/17,11,0,1.65,0,
12/11/17,11,0,0,0,
12/12/17,8,0,2.2,0,
12/13/17,6,0,-3.65,0.11,
12/14/17,10,0.11,-5,0.011,
12/15/17,14,0,-4.45,0.0011,
12/16/17,14,0,-3.9,0.00011,
12/17/17,21,0,0.25,0.030011,
12/18/17,11,0.03,1.1,0.043,
12/19/17,10,0.04,4.7,0.0043,
12/20/17,8,0,7.5,0.00043,
12/21/17,6,0,2.5,0.000043,
12/22/17,11,0,5,0.220004,
12/23/17,8,0.22,9.45,0.622,
12/24/17,7,0.6,5.55,0.1522,
12/25/17,8,0.09,0.85,0.01522,
12/26/17,8,0,-4.45,0.011522,
12/27/17,11,0.01,-7.5,0.00115,
12/28/17,14,0,-11.95,0.000109,
12/29/17,15,0,-11.1,2.07001,
12/30/17,15,2.07,-8.35,1.317001,
12/31/17,13,1.11,-10,0.1317,
1/1/18,15,0,-11.4,0.01317,
1/2/18,8,0,-12.8,0.001317,
1/3/18,19,0,-12.5,0.000111,
1/4/18,10,0,-8.9,0,
1/5/18,6,0,-12.8,0,
1/6/18,9,0,-15.3,0,
1/7/18,22,0,-15.55,0,
1/8/18,9,0,-10,0.25,
1/9/18,17,0.25,1.1,0.025,
1/10/18,14,,,0.0025,
1/11/18,6,,,1.40025,
1/12/18,3,1.4,9.45,5.190025,
1/13/18,4,5.05,3.6,0.519,
1/14/18,7,0,-10,0.0519,
1/15/18,9,0,-7.75,2.56519,
1/16/18,13,2.56,-7.25,2.406505,
1/17/18,22,2.15,-8.05,0.2506,
1/18/18,14,0.01,-10.3,0.02506,
1/19/18,8,0,-6.95,0.002506,
1/20/18,8,0,-0.3,0.000225,
1/21/18,12,0,5.55,0.000001,
1/22/18,10,0,6.95,0,
1/23/18,5,,,0.01,
1/24/18,4,0.01,5.3,0.001,
1/25/18,9,0,-1.9,0.0001,
1/26/18,11,0,-3.1,0.00001,
1/27/18,12,0,4.4,0.250001,
1/28/18,11,0.25,5.25,0.025,
1/29/18,10,0,4.15,2.1225,
1/30/18,6,2.12,0.8,0.21225,
1/31/18,12,0,-7.8,0.021225,
2/1/18,9,,,0.18212,
2/2/18,8,0.18,-0.25,0.018212,
2/3/18,8,0,-7.75,0.0018,
2/4/18,9,0,-2.75,0.10018,
2/5/18,7,0.1,-1.15,0.040018,
2/6/18,14,0.03,-3.9,0.164,
2/7/18,13,0.16,-2.5,0.0164,
2/8/18,17,,,0.04164,
2/9/18,20,0.04,-4.15,0.004163,
2/10/18,18,0,-1.1,0.370416,
2/11/18,9,0.37,4.45,2.45704,
2/12/18,11,2.42,5.55,0.245704,
2/13/18,10,0,-1.1,0.02457,
2/14/18,10,0,0.85,0.452457,
2/15/18,4,0.45,9.7,2.315242,
2/16/18,8,2.27,13.3,0.2315,
2/17/18,9,,,0.32315,
2/18/18,8,0.3,0,0.032315,
2/19/18,9,0,2.2,0.593227,
2/20/18,10,0.59,10.3,0.0593,
2/21/18,9,0,17.2,0.39593,
2/22/18,4,0.39,11.95,1.58959,
2/23/18,6,1.55,6.7,0.348959,
2/24/18,7,0.19,12.8,0.65489,
2/25/18,4,0.62,11.1,0.065489,
2/26/18,6,0,9.4,0.006545,
2/27/18,15,0,5.8,0.000639,
2/28/18,9,0,8.3,0.000062,
3/1/18,6,0,10,0.49,
3/2/18,4,0.49,5.55,0.049,
3/3/18,4,0,1.4,0.0049,
3/4/18,5,0,2.25,0.00049,
3/5/18,5,,,0.000049,
3/6/18,9,,,0,
3/7/18,8,,,0,
3/8/18,5,,,0.23,
3/9/18,8,0.23,-0.55,0.023,
3/10/18,12,0,-2.8,0.0023,
3/11/18,6,0,0.25,0.00023,
3/12/18,7,0,0.85,0.000023,
3/13/18,9,0,2.5,0,
3/14/18,6,0,-1.1,0,
3/15/18,7,0,-1.95,0,
3/16/18,6,0,2.5,0,
3/17/18,11,0,0,0,
3/18/18,7,,,0,
3/19/18,9,,,0,
3/20/18,7,0,7.25,0.39,
3/21/18,6,0.39,1.65,0.419,
3/22/18,6,0.38,-1.9,0.0419,
3/23/18,7,0,0,0.00419,
3/24/18,7,0,1.95,0.000419,
3/25/18,4,0,0.25,0.000038,
3/26/18,5,0,0.55,0,
3/27/18,9,0,4.4,0,
3/28/18,9,,,0.28,
3/29/18,7,0.28,20,0.638,
3/30/18,5,0.61,13.9,0.6638,
3/31/18,13,0.6,11.65,0.16638,
4/1/18,5,0.1,1.95,0.356638,
4/2/18,8,0.34,3.9,0.115661,
4/3/18,11,0.08,4.45,0.91156,
4/4/18,5,0.9,6.95,0.16115,
4/5/18,7,0.07,5.85,0.016114,
4/6/18,6,0,3.05,0.791608,
4/7/18,6,0.79,5.85,0.07916,
4/8/18,7,0,0.55,0.007907,
4/9/18,11,0,1.65,0.00079,
4/10/18,11,0,1.1,0.000079,
4/11/18,17,0,2.2,0,
4/12/18,10,0,5.8,0,
4/13/18,14,0,16.9,0,
4/14/18,21,0,21.4,0,
4/15/18,8,0,20.3,1.21,
4/16/18,3,1.21,16.95,0.321,
4/17/18,5,0.2,4.45,0.0821,
4/18/18,7,0.05,2.5,0.23821,
4/19/18,6,0.23,6.1,0.133821,
4/20/18,5,0.11,3.35,0.01337,
4/21/18,7,0,6.4,0.001335,
4/22/18,7,0,6.4,0.000133,
4/23/18,8,0,13.35,0.050011,
4/24/18,4,0.05,15,0.405,
4/25/18,4,0.4,12.25,0.0805,
4/26/18,6,0.04,10.55,0.00805,
4/27/18,9,0,12.5,0.000805,
4/28/18,8,0,13.35,0.10008,
4/29/18,5,0.1,6.1,0.010004,
4/30/18,11,0,5.55,0.001,
5/1/18,13,0,10,0.0001,
5/2/18,16,0,16.4,0.00001,
5/3/18,13,0,20,1.2,
5/4/18,12,1.2,23.6,0.28,
5/5/18,6,0.16,19.45,0.158,
5/6/18,7,0.13,17.5,0.2758,
5/7/18,12,0.26,11.65,0.02758,
5/8/18,11,0,15.85,0.002746,
5/9/18,10,0,16.95,0.060273,
5/10/18,13,0.06,21.4,0.006026,
5/11/18,7,0,20.25,0.0006,
5/12/18,16,0,18.6,0.58006,
5/13/18,16,0.58,20.3,0.328006,
5/14/18,13,0.27,20,0.4128,
5/15/18,10,0.38,21.95,0.04128,
5/16/18,10,0,22.5,0.294128,
5/17/18,9,0.29,22.5,0.029407,
5/18/18,7,0,21.95,0.122938,
5/19/18,4,0.12,20,0.51229,
5/20/18,8,0.5,19.7,0.051229,
5/21/18,11,0,21.15,0.11512,
5/22/18,10,0.11,21.4,0.011512,
5/23/18,8,0,22.5,0.00115,
5/24/18,17,0,19.2,0.00011,
5/25/18,16,,,0.000011,
5/26/18,18,,,0,
5/27/18,13,,,0,
5/28/18,20,,,0,
5/29/18,18,,,0,
5/30/18,6,,,0,
5/31/18,11,,,0,
6/1/18,13,,,1.1,
6/2/18,10,1.1,23.05,0.11,
6/3/18,11,0,23.05,0.791,
6/4/18,6,0.78,23.05,0.0791,
6/5/18,8,0,17.8,0.04791,
6/6/18,7,0.04,16.1,0.00478,
6/7/18,15,0,12.25,0.000478,
6/8/18,19,0,16.95,0.00004,
6/9/18,21,0,23.1,0.180004,
6/10/18,14,0.18,21.95,0.018,
6/11/18,4,,,0.0018,
6/12/18,5,0,20.25,0.00018,
6/13/18,10,,,0.100018,
6/14/18,9,0.1,20.85,0.01,
6/15/18,11,0,21.1,0.001,
6/16/18,25,0,21.1,0.0001,
6/17/18,14,0,23.1,0.00001,
6/18/18,19,0,29.15,0,
6/19/18,7,0,28.6,0,
6/20/18,9,0,25,2,
6/21/18,10,2,23.35,0.2,
6/22/18,5,,,0.02,
6/23/18,6,,,0.002,
6/24/18,9,,,0.0002,
6/25/18,7,0,22.8,0,
6/26/18,8,0,22.5,0,
6/27/18,7,0,22.5,0,
6/28/18,10,0,23.35,0,
6/29/18,21,0,24.15,0,
6/30/18,22,0,25.3,0,
7/1/18,19,0,#VALUE!,0,
7/2/18,14,0,#VALUE!,0.11,
7/3/18,9,0.11,#VALUE!,0.011,
7/4/18,11,0,#VALUE!,0.1011,
7/5/18,15,0.1,#VALUE!,0.34011,
7/6/18,7,0.33,#VALUE!,0.034011,
7/7/18,6,0,22.2,0.0034,
7/8/18,6,0,21.1,0.00034,
7/9/18,13,0,#VALUE!,0.000033,
7/10/18,19,0,#VALUE!,0,
7/11/18,11,0,#VALUE!,0,
7/12/18,10,0,23.05,0,
7/13/18,14,0,#VALUE!,0,
7/14/18,18,0,#VALUE!,0.01,
7/15/18,20,0.01,#VALUE!,1.691,
7/16/18,16,1.69,#VALUE!,0.3991,
7/17/18,10,0.23,#VALUE!,0.15991,
7/18/18,9,0.12,23.3,0.015991,
7/19/18,11,0,22.5,0.001599,
7/20/18,12,0,#VALUE!,0.020143,
7/21/18,7,0.02,23.65,0.022012,
7/22/18,7,0.02,21.7,0.1222,
7/23/18,6,0.12,21.95,0.19222,
7/24/18,4,0.18,#VALUE!,0.109222,
7/25/18,11,0.09,26.7,0.010922,
7/26/18,17,0,25,0.401092,
7/27/18,12,0.4,22.5,0.130108,
7/28/18,8,0.09,22.8,0.013009,
7/29/18,11,0,21.95,0.0013,
7/30/18,11,0,#VALUE!,0.03013,
7/31/18,5,0.03,23.05,0.293009,
8/1/18,11,0.29,24.45,0.0293,
8/2/18,12,0,23.05,0.10293,
8/3/18,10,0.1,23.05,0.050293,
8/4/18,16,0.04,25,0.005029,
8/5/18,21,0,26.15,0.0005,
8/6/18,20,0,26.15,0.00005,
8/7/18,13,0,26.7,0.050004,
8/8/18,10,0.05,26.7,0.825,
8/9/18,13,0.82,25.55,0.0825,
8/10/18,13,0,25.85,0.83825,
8/11/18,9,0.83,24.2,0.083825,
8/12/18,8,0,23.6,0.008382,
8/13/18,11,0,24.45,0.40083,
8/14/18,13,0.4,23.05,0.540083,
8/15/18,20,0.5,23.05,0.054,
8/16/18,24,0,24.15,0.3554,
8/17/18,17,0.35,25.55,0.40554,
8/18/18,10,0.37,22.8,0.04055,
8/19/18,6,,,0.00405,
8/20/18,5,,,0.000405,
8/21/18,9,0,24.45,0.470037,
8/22/18,12,0.47,24.45,0.047,
8/23/18,11,0,19.45,0.0047,
8/24/18,13,0,20.3,0.00047,
8/25/18,12,0,20.55,0.000047,
8/26/18,21,0,22.25,0,
8/27/18,20,,,0,
8/28/18,19,0,27.25,0,
8/29/18,13,0,28.6,0.33,
8/30/18,8,0.33,27.5,0.033,
8/31/18,13,0,24.45,0.0033,
9/1/18,10,0,25,0.00033,
9/2/18,8,0,25.85,0.000033,
9/3/18,16,0,25.8,0,
9/4/18,10,0,27.2,0,
9/5/18,11,0,27.5,0,
9/6/18,14,,,0.48,
9/7/18,7,0.48,25.55,0.538,
9/8/18,6,0.49,25,1.4738,
9/9/18,1,1.42,16.95,3.54738,
9/10/18,3,3.4,15,0.494738,
9/11/18,5,0.14,17.5,0.049469,
9/12/18,6,0,18.9,0.004942,
9/13/18,3,0,21.7,0.00048,
9/14/18,4,0,25.55,0.000014,
9/15/18,3,0,26.95,0,
9/16/18,5,0,23.05,0,
9/17/18,5,0,24.75,0.95,
9/18/18,8,0.95,23.1,0.095,
9/19/18,13,0,23.6,0.0095,
9/20/18,13,,,0.00095,
9/21/18,12,0,23.6,0.940095,
9/22/18,6,0.94,23.6,0.094,
9/23/18,6,0,16.65,0.0094,
9/24/18,1,0,18.6,0.47094,
9/25/18,5,0.47,18.9,0.357094,
9/26/18,7,0.31,20,0.0657,
9/27/18,5,0.03,19.45,0.08657,
9/28/18,7,0.08,16.35,0.008657,
9/29/18,8,0,17.2,0.000861,
9/30/18,12,0,15.3,0.000083,
10/1/18,17,0,18.1,0.000008,
10/2/18,12,0,19.75,1.43,
10/3/18,10,1.43,21.7,0.143,
10/4/18,11,0,21.35,0.8443,
10/5/18,9,0.83,20,0.08443,
10/6/18,11,0,19.45,0.308443,
10/7/18,16,0.3,24.15,0.03083,
10/8/18,10,0,24.75,0.003083,
10/9/18,5,0,25,0.0003,
10/10/18,4,0,25.3,0.03003,
10/11/18,6,0.03,25.25,0.003,
10/12/18,4,0,15.55,0.3103,
10/13/18,5,0.31,15.25,0.07103,
10/14/18,7,0.04,8.9,0.047103,
10/15/18,6,0.04,9.7,0.11471,
10/16/18,4,0.11,12.5,0.011471,
10/17/18,6,0,9.7,0.001144,
10/18/18,6,0,10.25,0.000114,
10/19/18,16,0,7.5,0.040011,
10/20/18,6,0.04,8.9,0.174,
10/21/18,4,0.17,12.2,0.0174,
10/22/18,6,0,3.05,0.00174,
10/23/18,5,0,8.05,0.000174,
10/24/18,3,0,10.55,0.000017,
10/25/18,9,0,5.55,0,
10/26/18,6,0,4.75,0.65,
10/27/18,4,0.65,8.35,0.385,
10/28/18,6,0.32,8.65,0.3385,
10/29/18,6,0.3,8.35,0.03385,
10/30/18,10,0,8.35,0.003385,
10/31/18,12,,,0.160332,
11/1/18,9,0.16,12.2,0.14603,
11/2/18,4,0.13,16.1,0.0446,
11/3/18,7,0.03,11.4,0.00446,
11/4/18,8,,,0.200446,
11/5/18,5,0.2,8.6,0.110043,
11/6/18,4,0.09,13.6,0.131003,
11/7/18,6,0.12,13.9,0.0131,
11/8/18,10,0,8.05,0.15131,
11/9/18,6,0.15,6.1,0.615129,
11/10/18,5,0.6,0.3,0.061512,
11/11/18,12,0,-2.75,0.00615,
11/12/18,18,0,3.05,0.790615,
11/13/18,13,0.79,2.5,0.11906,
11/14/18,6,0.04,1.9,0.0219,
11/15/18,6,0.01,0.55,0.93219,
11/16/18,10,0.93,1.95,0.093219,
11/17/18,19,0,1.95,0.009314,
11/18/18,18,0,3.6,0.100931,
11/19/18,11,0.1,6.95,0.260093,
11/20/18,10,0.25,3.35,0.026,
11/21/18,13,0,1.95,0.0026,
11/22/18,3,,,0.00026,
11/23/18,7,0,-3.9,0.000025,
11/24/18,7,0,4.15,0.47,
11/25/18,13,0.47,6.35,0.107,
11/26/18,3,0.06,7.8,0.1507,
11/27/18,4,0.14,4.45,0.07507,
11/28/18,8,0.06,-1.4,0.007507,
11/29/18,15,,,0.000746,
11/30/18,22,0,0.3,0.000074,
12/1/18,11,0,4.2,0.360006,
12/2/18,6,0.36,6.4,0.036,
12/3/18,3,0,13.6,0.0536,
12/4/18,4,0.05,4.15,0.01536,
12/5/18,9,0.01,1.1,0.001536,
12/6/18,8,0,0.3,0.00015,
12/7/18,8,0,-0.55,0.000015,
12/8/18,16,0,-1.4,0.000001,
12/9/18,12,0,-4.2,0,
12/10/18,18,0,-4.15,0,
12/11/18,17,0,-5,0,
12/12/18,17,,,0,
12/13/18,17,0,1.65,0,
12/14/18,18,0,4.15,0.33,
12/15/18,8,0.33,4.7,0.883,
12/16/18,5,0.85,7.25,0.2783,
12/17/18,12,0.19,4.45,0.02783,
12/18/18,8,0,0.8,0.002783,
12/19/18,18,0,-0.3,0.000275,
12/20/18,9,0,-1.1,0.790019,
12/21/18,5,0.79,3.6,0.979,
12/22/18,7,0.9,5.3,0.1179,
12/23/18,9,0.02,2.25,0.06179,
12/24/18,8,0.05,3.35,0.006179,
12/25/18,15,0,2.5,0.00061,
12/26/18,13,0,1.15,0.000052,
12/27/18,7,0,2.25,0.400005,
12/28/18,6,0.4,4.2,0.07,
12/29/18,6,0.03,9.7,0.007,
12/30/18,8,,,0.0007,
12/31/18,13,,,0.57007,
1/1/19,4,0.57,8.6,0.067003,
1/2/19,10,0.01,6.65,0.0067,
1/3/19,9,0,4.45,0.00067,
1/4/19,22,0,0.85,0.000067,
1/5/19,12,0,2.25,0.000001,
1/6/19,9,0,5.55,0,
1/7/19,5,0,4.7,0,
1/8/19,6,0,5,0.23,
1/9/19,5,0.23,8.85,0.133,
1/10/19,3,0.11,-0.55,0.0133,
1/11/19,10,0,-3.85,0.00133,
1/12/19,13,0,-2.5,1.160133,
1/13/19,14,1.16,-1.65,0.116011,
1/14/19,12,0,-0.55,0.0116,
1/15/19,14,0,0.3,0.01116,
1/16/19,9,0.01,-1.95,0.001116,
1/17/19,8,0,-1.4,0.0501,
1/18/19,16,0.05,-1.1,0.00501,
1/19/19,12,0,1.1,1.850501,
1/20/19,3,1.85,-0.55,0.18505,
1/21/19,7,0,-9.15,0.018505,
1/22/19,11,0,-14.7,0.00185,
1/23/19,16,0,-5,0.460185,
1/24/19,6,0.46,5,0.776,
1/25/19,7,0.73,1.15,0.0776,
1/26/19,9,0,-5.3,0.30776,
1/27/19,10,0.3,-3.3,0.030776,
1/28/19,11,0,-4.2,0.053073,
1/29/19,11,0.05,0.55,0.1153,
1/30/19,6,0.11,-3.05,0.01153,
1/31/19,7,0,-15.3,1.03115,
2/1/19,14,1.03,-16.65,0.103115,
2/2/19,32,0,-10,0.010311,
2/3/19,25,0,-3.9,0.00103,
2/4/19,23,0,8.35,0.000103,
2/5/19,11,0,8.9,0.01,
2/6/19,12,0.01,9.15,0.631,
2/7/19,11,0.63,8.6,0.8331,
2/8/19,4,0.77,11.95,0.08331,
2/9/19,6,0,-0.8,0.008331,
2/10/19,12,0,-5,1.720833,
2/11/19,17,1.72,-2.5,0.682077,
2/12/19,2,0.51,1.95,0.6782,
2/13/19,5,0.61,2.8,0.06782,
2/14/19,7,0,-1.65,0.006782,
2/15/19,8,,,0.000661,
2/16/19,8,0,4.75,0.000061,
2/17/19,7,0,-2.75,0.17,
2/18/19,10,0.17,-0.55,0.017,
2/19/19,8,0,-2.2,0.0017,
2/20/19,6,0,-3.9,2.86017,
2/21/19,7,2.86,2.2,0.286017,
2/22/19,18,0,5.85,0.0286,
2/23/19,11,0,3.9,0.15286,
2/24/19,3,0.15,4.15,0.035286,
2/25/19,5,0.02,6.7,0.0035,
2/26/19,7,0,0,0.00035,
2/27/19,9,0,0,0.000035,
2/28/19,11,0,5.25,0.160002,
3/1/19,13,0.16,0.8,0.016,
3/2/19,19,,,0.0016,
3/3/19,18,,,0.00016,
3/4/19,6,,,0.000016,
3/5/19,13,0,-6.95,0.02,
3/6/19,11,0.02,-8.35,0.002,
3/7/19,15,0,-7.2,0.0002,
3/8/19,17,0,-2.8,0.00002,
3/9/19,15,0,-1.1,0.690002,
3/10/19,7,0.69,3.05,0.069,
3/11/19,8,0,8.6,0.0069,
3/12/19,11,0,4.15,0.00069,
3/13/19,11,0,2.75,0.000069,
3/14/19,9,0,6.65,0.2,
3/15/19,5,0.2,15.85,0.06,
3/16/19,4,0.04,8.9,0.006,
3/17/19,5,0,2.2,0.0006,
3/18/19,8,0,2.2,0.00006,
3/19/19,14,0,1.65,0.000004,
3/20/19,14,0,3.9,0,
3/21/19,16,0,5,0.06,
3/22/19,7,0.06,8.05,0.086,
3/23/19,5,0.08,2.25,0.0086,
3/24/19,17,0,3.3,0.03086,
3/25/19,11,0.03,6.1,0.253086,
3/26/19,5,0.25,3.6,0.025308,
3/27/19,9,0,3.9,0.00253,
3/28/19,11,,,0.250253,
3/29/19,17,0.25,8.9,0.025025,
3/30/19,16,,,0.0025,
3/31/19,4,,,0.00025,
4/1/19,5,0,-0.3,0.000025,
4/2/19,8,0,2.2,0,
4/3/19,12,0,6.35,0,
4/4/19,14,0,7.75,0.09,
4/5/19,7,0.09,9.15,0.029,
4/6/19,10,0.02,10.55,0.0029,
4/7/19,12,0,10.8,0.05029,
4/8/19,8,0.05,16.4,0.005029,
4/9/19,7,0,16.65,0.000502,
4/10/19,5,0,10,0.00005,
4/11/19,6,0,10,0.000005,
4/12/19,9,0,12.8,0.19,
4/13/19,5,0.19,18.6,0.019,
4/14/19,9,0,17.5,1.1519,
4/15/19,4,1.15,11.95,0.11519,
4/16/19,8,0,7.75,0.011519,
4/17/19,13,0,10.55,0.00115,
4/18/19,12,0,16.65,0.000115,
4/19/19,15,0,22.2,0.45,
4/20/19,15,0.45,18.3,0.785,
4/21/19,7,0.74,15.3,0.0785,
4/22/19,11,0,10.85,0.00785,
4/23/19,17,0,17.2,0.030785,
4/24/19,8,0.03,17.2,0.003074,
4/25/19,,0,15,0.3303,
4/26/19,10,0.33,14.75,0.53303,
4/27/19,4,0.5,10.6,0.143303,
4/28/19,6,0.09,8.65,0.01433,
4/29/19,13,0,8.05,0.001433,
4/30/19,,0,9.75,0.29014,
5/1/19,13,0.29,15.3,0.029009,
5/2/19,13,0,21.1,0.1229,
5/3/19,11,0.12,21.4,0.10229,
5/4/19,8,0.09,21.15,0.260229,
5/5/19,4,0.25,17.2,0.10602,
5/6/19,10,0.08,13.65,0.010602,
5/7/19,19,0,16.7,0.001059,
5/8/19,8,0,17.8,0.000105,
5/9/19,10,0,17.8,0.430008,
5/10/19,9,0.43,21.1,0.043,
5/11/19,4,0,17.25,0.3443,
5/12/19,7,0.34,16.15,0.39443,
5/13/19,10,0.36,13.05,0.139443,
5/14/19,4,0.1,11.1,0.01394,
5/15/19,16,0,9.2,0.001394,
5/16/19,12,0,12.25,0.000136,
5/17/19,12,0,18.35,0.35001,
5/18/19,15,0.35,18.6,0.065,
5/19/19,16,0.03,21.4,0.0065,
5/20/19,6,,,0.00065,
5/21/19,4,0,17.5,0.000065,
5/22/19,8,0,13.6,0.000003,
5/23/19,12,0,20.6,0,
5/24/19,6,,,0,
5/25/19,11,,,0,
5/26/19,10,,,0,
5/27/19,6,,,0.38,
5/28/19,13,0.38,23.05,0.728,
5/29/19,13,0.69,24.7,1.8028,
5/30/19,6,1.73,24.15,0.44028,
5/31/19,13,0.26,20.55,0.044028,
6/1/19,20,0,20.6,0.544399,
6/2/19,9,0.54,20.6,0.074433,
6/3/19,5,0.02,17.5,0.007426,
6/4/19,13,0,11.4,0.00074,
6/5/19,19,0,12.8,0.080074,
6/6/19,11,0.08,18.05,0.018002,
6/7/19,10,0.01,22.25,0.0018,
6/8/19,8,0,22.8,0.00018,
6/9/19,6,0,24.45,0.080018,
6/10/19,4,0.08,20.55,0.368001,
6/11/19,4,0.36,20,0.0368,
6/12/19,6,0,17.8,0.01368,
6/13/19,6,0.01,18.35,0.241368,
6/14/19,4,0.24,15.6,0.024136,
6/15/19,13,0,17.25,0.07241,
6/16/19,10,0.07,18.9,0.557241,
6/17/19,6,0.55,21.95,0.235724,
6/18/19,5,0.18,22.5,0.08357,
6/19/19,10,0.06,23.35,0.608357,
6/20/19,5,0.6,24.75,0.550835,
6/21/19,4,0.49,20.55,0.055078,
6/22/19,2,,,0.005506,
6/23/19,5,,,0.00055,
6/24/19,12,,,0.570049,
6/25/19,5,0.57,25.25,0.057,
6/26/19,7,0,23.6,0.0057,
6/27/19,15,0,24.2,1.84057,
6/28/19,17,1.84,23.6,0.324057,
6/29/19,18,0.14,26.1,0.1924,
6/30/19,8,0.16,25.55,0.01924,
7/1/19,9,0,21.95,0.001924,
7/2/19,17,0,21.95,0.400174,
7/3/19,9,0.4,25,0.040016,
7/4/19,20,0,25.3,0.004,
7/5/19,18,0,26.35,0.0004,
7/6/19,12,0,25.3,1.55004,
7/7/19,10,1.55,26.95,0.615,
7/8/19,12,0.46,23.05,0.0615,
7/9/19,10,0,25,0.00615,
7/10/19,13,0,24.7,0.000615,
7/11/19,7,0,26.4,2.180046,
7/12/19,9,2.18,21.7,0.218,
7/13/19,14,0,21.7,0.0218,
7/14/19,10,0,23.65,0.00218,
7/15/19,12,0,22.8,0.000218,
7/16/19,9,0,24.45,0.04,
7/17/19,9,0.04,26.95,0.014,
7/18/19,9,0.01,24.7,0.0014,
7/19/19,16,0,27.2,0.00014,
7/20/19,16,0,25.85,0.000014,
7/21/19,11,0,28.35,0.650001,
7/22/19,8,0.65,25,0.615,
7/23/19,7,0.55,23.05,0.0615,
7/24/19,11,0,20.55,0.14615,
7/25/19,11,0.14,20.3,0.014615,
7/26/19,17,0,23.05,0.001455,
7/27/19,16,0,23.05,0.00014,
7/28/19,17,0,25,0.000014,
7/29/19,20,0,26.1,0,
7/30/19,14,0,25.3,0.85,
7/31/19,10,0.85,24.15,0.095,
8/1/19,11,0.01,23.3,0.0095,
8/2/19,10,0,24.15,0.35095,
8/3/19,10,0.35,25.8,0.035095,
8/4/19,12,0,26.7,0.003501,
8/5/19,15,0,24.45,0.00035,
8/6/19,19,0,25.25,0.050035,
8/7/19,11,0.05,26.4,0.005,
8/8/19,9,0,24.45,0.0305,
8/9/19,8,0.03,23.85,0.00305,
8/10/19,11,0,21.95,0.000305,
8/11/19,12,0,21.4,0.00003,
8/12/19,12,0,22.5,0.000003,
8/13/19,12,0,24.45,0.73,
8/14/19,10,0.73,22.25,0.073,
8/15/19,13,0,25.55,0.6973,
8/16/19,14,0.69,23.6,0.06973,
8/17/19,14,0,23.6,0.036973,
8/18/19,15,0.03,24.45,0.00369,
8/19/19,6,0,25.55,0.000369,
8/20/19,10,0,26.1,0.13003,
8/21/19,9,0.13,28.9,0.013003,
8/22/19,8,0,25.3,0.4313,
8/23/19,5,0.43,24.7,0.04313,
8/24/19,5,0,21.15,0.004313,
8/25/19,6,0,18.9,0.00043,
8/26/19,4,0,20.3,0.180043,
8/27/19,6,0.18,19.75,0.418,
8/28/19,6,0.4,20.85,0.1318,
8/29/19,7,0.09,20,0.01318,
8/30/19,11,0,19.7,0.001318,
8/31/19,7,0,23.85,0.00013,
9/1/19,8,0,22.75,0.920009,
9/2/19,6,0.92,21.1,0.092,
9/3/19,17,0,21.7,0.0092,
9/4/19,11,0,22.5,0.00092,
9/5/19,6,0,22.5,0.000092,
9/6/19,9,0,21.4,0,
9/7/19,13,0,21.15,0,
9/8/19,17,0,19.4,0,
9/9/19,7,0,19.7,0,
9/10/19,12,0,21.4,0,
9/11/19,17,0,24.15,0,
9/12/19,10,0,26.1,0,
9/13/19,5,0,25,0.15,
9/14/19,5,0.15,25.55,0.015,
9/15/19,15,0,20,0.0115,
9/16/19,13,0.01,19.75,0.00115,
9/17/19,6,0,24.75,0.000115,
9/18/19,6,0,20.8,0.00001,
9/19/19,7,0,20.8,0.000001,
9/20/19,13,0,18.6,0,
9/21/19,20,0,19.75,0,
9/22/19,22,0,23.05,0.01,
9/23/19,14,0.01,24.7,0.001,
9/24/19,7,0,17.75,0.0001,
9/25/19,14,0,16.35,0.05001,
9/26/19,10,0.05,18.3,0.125001,
9/27/19,8,0.12,18.35,0.0125,
9/28/19,15,0,20.6,0.00125,
9/29/19,6,0,24.15,0.050125,
9/30/19,11,0.05,20.85,0.775012,
10/1/19,17,0.77,23.6,0.0775,
10/2/19,16,0,25.85,0.00775,
10/3/19,12,,,0.000775,
10/4/19,3,0,23.9,0.000077,
10/5/19,4,0,14.15,0,
10/6/19,9,0,15.25,1.65,
10/7/19,5,1.65,18.05,0.715,
10/8/19,6,0.55,13.6,0.0715,
10/9/19,6,0,17.2,0.00715,
10/10/19,5,0,17.2,0.000715,
10/11/19,5,0,18.05,0.000055,
10/12/19,6,0,11.65,0,
10/13/19,9,0,8.9,0,
10/14/19,8,0,11.1,0,
10/15/19,5,0,11.95,0,
10/16/19,6,0,15,0.96,
10/17/19,4,0.96,10.85,0.166,
10/18/19,7,0.07,6.95,0.0166,
10/19/19,8,0,7.8,0.00166,
10/20/19,8,0,11.1,0.000166,
10/21/19,7,0,15,0.020007,
10/22/19,5,0.02,16.1,0.622,
10/23/19,7,0.62,13.05,0.0622,
10/24/19,11,0,10.3,0.00622,
10/25/19,17,0,14.7,0.000622,
10/26/19,12,0,11.4,0.400062,
10/27/19,6,0.4,13.35,0.19,
10/28/19,10,0.15,13.05,0.019,
10/29/19,10,0,12.8,0.0019,
10/30/19,11,0,13.05,0.76019,
10/31/19,4,0.76,14.15,0.966015,
11/1/19,6,0.89,12.5,0.0966,
11/2/19,12,0,3.6,0.00966,
11/3/19,6,0,3.3,0.000966,
11/4/19,8,0,5.6,0.000089,
11/5/19,9,0,7.8,0.1,
11/6/19,10,0.1,6.65,0.04,
11/7/19,9,0.03,8.85,0.444,
11/8/19,6,0.44,2.5,0.0444,
11/9/19,10,0,1.65,0.00444,
11/10/19,10,0,6.95,0.000443,
11/11/19,15,0,14.15,0.170044,
11/12/19,5,0.17,9.45,0.117,
11/13/19,8,0.1,-4.15,0.0117,
11/14/19,12,0,-4.45,0.00117,
11/15/19,20,0,0.85,0.000117,
11/16/19,8,0,2.2,0.00001,
11/17/19,3,0,3.3,0,
11/18/19,9,0,6.35,0,
11/19/19,32,0,6.9,0,
11/20/19,27,0,5.8,0,
11/21/19,16,0,7.75,0.02,
11/22/19,5,0.02,12.5,0.172,
11/23/19,7,0.17,6.65,0.7472,
11/24/19,10,0.73,4.75,0.07472,
11/25/19,10,0,1.95,0.007472,
11/26/19,11,0,6.15,0.060747,
11/27/19,6,0.06,9.2,0.036073,
11/28/19,4,0.03,7.2,0.0036,
11/29/19,5,0,3.05,0.00036,
11/30/19,11,0,1.95,0.120036,
12/1/19,5,0.12,4.45,0.262003,
12/2/19,6,0.25,5.55,0.1162,
12/3/19,5,0.09,2.5,0.05162,
12/4/19,9,0.04,1.95,0.065162,
12/5/19,7,0.06,2.25,0.006515,
12/6/19,12,0,1.4,0.000649,
12/7/19,6,0,3.05,0.000064,
12/8/19,10,0,4.2,0.060006,
12/9/19,7,0.06,3.9,0.916,
12/10/19,8,0.91,10,0.1916,
12/11/19,9,0.1,3.6,0.01916,
12/12/19,12,0,-2.25,0.001916,
12/13/19,8,0,-0.55,0.170191,
12/14/19,6,0.17,3.85,0.50701,
12/15/19,17,0.49,5.85,0.0707,
12/16/19,3,0.02,1.95,0.46707,
12/17/19,6,0.46,0.8,0.146707,
12/18/19,11,0.1,-0.85,0.024669,
12/19/19,8,0.01,-7.5,0.002462,
12/20/19,20,0,-6.1,0.000246,
12/21/19,26,0,-3.35,0.00002,
12/22/19,24,0,2.2,0.000001,
12/23/19,25,,,0,
12/24/19,28,0,-0.25,0,
12/25/19,26,0,-0.55,0,
12/26/19,14,0,0.55,0,
12/27/19,12,0,9.2,0.05,
12/28/19,22,0.05,7.75,0.015,
12/29/19,11,0.01,7.5,0.4515,
12/30/19,3,0.45,8.9,0.05515,
12/31/19,2,0.01,8.85,1.185515,
1/1/20,5,1.18,3.05,0.128551,
1/2/20,10,0.01,1.95,0.402855,
1/3/20,6,0.39,5.8,0.690281,
1/4/20,6,0.65,7.8,0.119028,
1/5/20,5,0.05,3.35,0.011891,
1/6/20,6,0,2.8,0.001189,
1/7/20,9,0,2.2,0.000115,
1/8/20,7,0,1.35,0.000005,
1/9/20,6,0,-1.95,0,
1/10/20,11,0,1.65,0.64,
1/11/20,6,0.64,11.1,0.264,
1/12/20,2,0.2,14.15,0.0264,
1/13/20,9,0,5,0.00264,
1/14/20,10,0,3.05,0.000264,
1/15/20,15,0,2.5,0.00002,
1/16/20,7,0,4.15,0,
1/17/20,3,0,3.05,1.12,
1/18/20,6,1.12,-1.4,0.772,
1/19/20,9,0.66,2.2,0.0772,
1/20/20,10,0,-2.2,0.00772,
1/21/20,9,0,-6.65,0.000772,
1/22/20,26,0,-8.65,0.000066,
1/23/20,18,0,-6.15,0,
1/24/20,7,0,-1.4,0.92,
1/25/20,3,0.92,5.85,0.192,
1/26/20,3,0.1,4.15,0.0392,
1/27/20,9,0.02,0.85,0.02392,
1/28/20,8,0.02,1.4,0.032392,
1/29/20,6,0.03,-0.55,0.00323,
1/30/20,13,0,-0.55,0.000322,
1/31/20,17,0,-0.8,0.010032,
2/1/20,17,0.01,1.65,0.181003,
2/2/20,7,0.18,0.85,0.0681,
2/3/20,8,0.05,4.7,0.08681,
2/4/20,6,0.08,9.7,0.278681,
2/5/20,4,0.27,6.65,0.417868,
2/6/20,6,0.39,1.95,1.541785,
2/7/20,5,1.5,2.5,0.264178,
2/8/20,10,0.11,-1.1,0.026417,
2/9/20,9,0,-0.55,0.222639,
2/10/20,3,0.22,2.5,0.25226,
2/11/20,10,0.23,5.85,0.055211,
2/12/20,12,0.03,1.65,0.80552,
2/13/20,7,0.8,0.25,0.120552,
2/14/20,5,0.04,-2.5,0.012053,
2/15/20,9,0,-7.5,0.001203,
2/16/20,8,0,-3.6,0.00012,
2/17/20,12,0,0,0.000004,
2/18/20,7,0,3.9,0.13,
2/19/20,9,0.13,5,0.013,
2/20/20,7,0,-0.3,0.0013,
2/21/20,8,0,-5.25,0.00013,
2/22/20,9,0,-3.6,0.000013,
2/23/20,11,0,2.5,0,
2/24/20,14,0,5.3,0,
2/25/20,10,0,8.35,0.15,
2/26/20,8,0.15,8.9,0.705,
2/27/20,4,0.69,4.7,0.0805,
2/28/20,9,0.01,-3.6,0.00805,
2/29/20,6,0,-3.05,0.000805,
3/1/20,7,0,-1.65,0.000079,
3/2/20,14,0,2.5,0.120001,
3/3/20,7,0.12,11.4,0.442,
3/4/20,4,0.43,8.6,0.0442,
3/5/20,9,0,6.7,0.00442,
3/6/20,9,0,5.6,0.000442,
3/7/20,6,0,4.45,0.000043,
3/8/20,11,0,1.95,0,
3/9/20,15,0,6.95,0.12,
3/10/20,8,0.12,12.2,0.022,
3/11/20,14,0.01,7.8,0.0022,
3/12/20,13,0,5.55,0.12022,
3/13/20,7,0.12,13.9,0.012022,
3/14/20,6,0,9.75,0.251201,
3/15/20,7,0.25,5,0.02512,
3/16/20,5,0,5.3,0.072512,
3/17/20,9,0.07,6.7,0.03725,
3/18/20,10,0.03,4.45,0.673725,
3/19/20,6,0.67,8.35,0.79737,
3/20/20,5,0.73,15.85,0.789737,
3/21/20,5,0.71,10.55,0.078973,
3/22/20,6,0,0,0.037897,
3/23/20,5,0.03,5.55,0.373783,
3/24/20,9,0.37,6.95,0.107371,
3/25/20,4,0.07,6.95,0.16073,
3/26/20,9,0.15,7.75,0.206073,
3/27/20,11,0.19,11.95,0.380607,
3/28/20,12,0.36,13.35,0.788057,
3/29/20,4,0.75,16.7,0.078805,
3/30/20,3,0,18.1,0.007879,
3/31/20,5,0,9.7,0.060786,
4/1/20,5,0.06,8.05,0.076075,
4/2/20,5,0.07,8.05,0.0076,
4/3/20,4,0,8.05,0.00076,
4/4/20,8,0,8.05,0.000076,
4/5/20,16,0,8.9,0.000007,
4/6/20,6,0,11.1,0,
4/7/20,14,0,10,0.52,
4/8/20,7,0.52,12.5,0.292,
4/9/20,5,0.24,16.4,0.2392,
4/10/20,4,0.21,6.65,0.02392,
4/11/20,6,0,3.6,0.002392,
4/12/20,9,0,6.65,0.200234,
4/13/20,3,0.2,11.1,0.020021,
4/14/20,7,0,10.8,0.002,
4/15/20,7,0,2.75,0.4202,
4/16/20,8,0.42,2.2,0.04202,
4/17/20,11,0,4.15,0.6842,
4/18/20,8,0.68,5.55,0.06842,
4/19/20,8,0,6.4,0.006842,
4/20/20,4,0,8.3,0.00068,
4/21/20,5,0,11.7,0.060068,
4/22/20,6,0.06,5.85,0.006,
4/23/20,8,0,5.25,0.1506,
4/24/20,8,0.15,8.65,0.01506,
4/25/20,8,0,12.25,0.061506,
4/26/20,2,0.06,13.6,1.21615,
4/27/20,4,1.21,8.35,0.131615,
4/28/20,9,0.01,4.4,0.01316,
4/29/20,8,0,13.85,0.621316,
4/30/20,2,0.62,18.1,0.062131,
5/1/20,5,0,10.8,0.006201,
5/2/20,11,0,8.6,0.00062,
5/3/20,11,0,12.25,0.000062,
5/4/20,3,0,18.6,0,
5/5/20,3,0,7.25,0.18,
5/6/20,6,0.18,6.95,0.108,
5/7/20,6,0.09,3.35,0.0108,
5/8/20,5,0,8.9,0.28108,
5/9/20,3,0.28,5.3,0.028108,
5/10/20,5,0,3.35,0.072809,
5/11/20,5,0.07,10.85,0.00728,
5/12/20,5,0,6.65,0.000728,
5/13/20,7,0,8.3,0.00007,
5/14/20,11,0,10.55,0.000007,
5/15/20,9,0,12.25,0.11,
5/16/20,5,0.11,20,0.011,
5/17/20,8,0,20,0.0011,
5/18/20,6,0,21.4,0.04011,
5/19/20,5,0.04,21.15,0.004011,
5/20/20,4,0,18.1,0.0004,
5/21/20,8,0,16.1,0.13004,
5/22/20,6,0.13,17.75,0.173004,
5/23/20,8,0.16,19.15,0.0173,
5/24/20,11,0,20,0.00173,
5/25/20,9,0,22.2,0.000173,
5/26/20,6,0,24.45,0.000016,
5/27/20,5,0,24.75,0.03,
5/28/20,5,0.03,25,0.333,
5/29/20,6,0.33,23.05,0.5333,
5/30/20,4,0.5,19.45,0.05333,
5/31/20,4,0,15.3,0.005333,
6/1/20,7,0,12.25,0.000533,
6/2/20,10,0,14.45,0.00005,
6/3/20,10,0,20.3,0,
6/4/20,18,0,26.1,0.3,
6/5/20,12,0.3,24.2,0.03,
6/6/20,10,0,22.8,0.003,
6/7/20,6,0,22.75,0.0003,
6/8/20,7,0,16.4,0.00003,
6/9/20,14,0,23.35,0,
6/10/20,8,,,0.49,
6/11/20,5,0.49,25.8,0.049,
6/12/20,8,0,20.85,0.0049,
6/13/20,6,0,20.25,0.00049,
6/14/20,7,0,18.6,0.100049,
6/15/20,8,0.1,18.6,0.01,
6/16/20,8,0,20.55,0.001,
6/17/20,9,0,20.55,0.0001,
6/18/20,5,0,22.5,0.00001,
6/19/20,7,0,21.4,0.01,
6/20/20,12,0.01,22.75,0.001,
6/21/20,13,0,23.9,0.0001,
6/22/20,12,0,23.6,0.07001,
6/23/20,7,0.07,23.6,0.477001,
6/24/20,7,0.47,21.4,0.0477,
6/25/20,10,0,20.6,0.00477,
6/26/20,9,0,20.6,0.000477,
6/27/20,9,0,21.4,0.240047,
6/28/20,8,0.24,22.2,0.124,
6/29/20,9,0.1,23.35,0.0124,
6/30/20,9,,,0.00124,
7/1/20,6,0,25,0.000124,
7/2/20,12,0,23.35,0.00001,
7/3/20,16,0,25.3,0,
7/4/20,14,0,26.95,0,
7/5/20,18,0,28.35,0,
7/6/20,20,0,28.6,0,
7/7/20,16,0,28.35,0.15,
7/8/20,14,0.15,26.35,0.015,
7/9/20,14,0,28.05,0.0015,
7/10/20,10,0,29.45,0.00015,
7/11/20,6,,,0.000015,
7/12/20,12,0,23.6,0.1,
7/13/20,9,0.1,23.6,0.01,
7/14/20,7,0,21.7,0.001,
7/15/20,9,0,22.8,0.0001,
7/16/20,11,0,16.95,0.00001,
7/17/20,8,0,27.5,0,
7/18/20,16,0,25,0,
7/19/20,15,0,25.85,0,
7/20/20,8,0,28.6,0,
7/21/20,11,0,28.05,0,
7/22/20,8,0,26.4,0.33,
7/23/20,8,0.33,26.65,0.323,
7/24/20,8,0.29,25.8,0.0323,
7/25/20,8,0,24.7,0.00323,
7/26/20,16,0,24.7,0.000323,
7/27/20,10,0,26.35,0.000029,
7/28/20,6,0,26.7,0,
7/29/20,11,0,23.65,0,
7/30/20,17,0,24.45,0.04,
7/31/20,9,0.04,23.9,0.004,
8/1/20,8,0,26.1,1.5704,
8/2/20,3,1.57,25.8,0.15704,
8/3/20,8,0,25,0.015704,
8/4/20,6,0,25,0.15157,
8/5/20,8,0.15,20.85,0.015157,
8/6/20,8,,,0.0015,
8/7/20,11,0,22.25,0.00015,
8/8/20,9,0,25.3,0.000015,
8/9/20,18,0,23.9,0,
8/10/20,20,0,23.9,0,
8/11/20,12,0,27.25,0.12,
8/12/20,7,0.12,27.5,0.012,
8/13/20,10,0,28.05,0.0012,
8/14/20,10,0,27.5,0.00012,
8/15/20,9,0,26.1,0.000012,
8/16/20,9,0,20.55,0,
8/17/20,8,0,22.2,0,
8/18/20,9,0,23.05,0,
8/19/20,4,0,23.3,0,
8/20/20,7,0,20.8,0,
8/21/20,20,0,21.35,0,
8/22/20,14,0,24.15,0.75,
8/23/20,9,0.75,26.1,0.675,
8/24/20,11,0.6,23.85,0.0675,
8/25/20,13,0,25.3,0.00675,
8/26/20,13,,,0.000675,
8/27/20,11,0,27.5,0.75006,
8/28/20,8,0.75,26.65,1.375,
8/29/20,6,1.3,21.4,0.1375,
8/30/20,6,0,23.85,0.01375,
8/31/20,5,0,20.25,0.001375,
9/1/20,5,0,21.1,0.38013,
9/2/20,7,0.38,25,0.388,
9/3/20,4,0.35,23.3,0.0488,
9/4/20,4,0.01,23.05,0.00488,
9/5/20,10,,,0.000488,
9/6/20,9,,,0.000045,
9/7/20,11,,,0.000001,
9/8/20,8,0,22.5,0,
9/9/20,7,0,24.15,0,
9/10/20,2,0,25,0,
9/11/20,4,0,24.45,0,
9/12/20,5,0,20.55,0,
9/13/20,4,0,21.65,0,
9/14/20,6,,,0,
9/15/20,4,0,16.1,0,
9/16/20,9,0,17.8,0,
9/17/20,18,0,18.05,0,
9/18/20,9,0,18.6,0,
9/19/20,4,0,13.9,0,
9/20/20,5,0,12.8,0,
9/21/20,4,0,11.95,0,
9/22/20,9,0,12.5,0,
9/23/20,20,0,13.35,0,
9/24/20,20,0,15.55,0,
9/25/20,17,0,19.2,0,
9/26/20,11,,,0,
9/27/20,7,,,0,